{"notification":{},"meta":{"code":200,"requestId":"e6e8eec5-83df-424c-b777-11452df927fa"},"data":{"id":10029,"price":1995,"discountedPrice":1995,"styleType":"P","productTypeId":290,"articleNumber":"444781-473","visualTag":"","productDisplayName":"Nike Women As Script Mas Navy Blue Sweatshirts","variantName":"AS SCRIPT MAS","myntraRating":1,"catalogAddDate":1461658417,"brandName":"Nike","ageGroup":"Adults-Women","gender":"Women","baseColour":"Navy Blue","colour1":"NA","colour2":"NA","fashionType":"Fashion","season":"Fall","year":"2011","usage":"Sports","vat":5.5,"displayCategories":"Sports Wear,Winterwear","weight":"0","navigationId":0,"landingPageUrl":"Sweatshirts/Nike/Nike-Women-As-Script-Mas-Navy-Blue-Sweatshirts/10029/buy","articleAttributes":{"Pattern":"Solid","Body or Garment Size":"Garment Measurements in","Sleeve Length":"Long Sleeves","Fabric":"Blended"},"crossLinks":[{"key":"More Sweatshirts by Nike","value":"sweatshirts?f=brand:Nike::gender:women"},{"key":"More Navy Blue Sweatshirts","value":"sweatshirts?f=colour:Navy Blue::gender:women"},{"key":"More Sweatshirts","value":"sweatshirts?f=gender:women"}],"brandUserProfile":{"uidx":"6d415071.a389.472b.b5b6.c93d864afbeacs6IMuPv9K","bio":"Nike, creating experiences for today’s athlete","name":"NIKE","image":"http://assets.myntassets.com/v1/assets/banners/2015/6/26/1435317851398-23197-3chxv6.jpg","publicProfileId":"nikeindia","tagsMap":"{\"roles\":[],\"labels\":[],\"myntraVerified\":true,\"invited\":true,\"brandUrl\":\"/nike\"}"},"codEnabled":true,"styleImages":{"default":{"imageURL":"http://assets.myntassets.com/v1/images/style/properties/cb273208c26f6ddaf749b9fb11b827b1_images.jpg","resolutions":{"1080X1440Xmini":"http://assets.myntassets.com/h_1440,q_95,w_1080/v1/images/style/properties/cb273208c26f6ddaf749b9fb11b827b1_images_mini.jpg","48X64":"http://assets.myntassets.com/h_64,q_95,w_48/v1/images/style/properties/cb273208c26f6ddaf749b9fb11b827b1_images.jpg","1080X1440":"http://assets.myntassets.com/h_1440,q_95,w_1080/v1/images/style/properties/cb273208c26f6ddaf749b9fb11b827b1_images.jpg","150X200":"http://assets.myntassets.com/h_200,q_95,w_150/v1/images/style/properties/cb273208c26f6ddaf749b9fb11b827b1_images.jpg","360X480":"http://assets.myntassets.com/h_480,q_95,w_360/v1/images/style/properties/cb273208c26f6ddaf749b9fb11b827b1_images.jpg","180X240":"http://assets.myntassets.com/h_240,q_95,w_180/v1/images/style/properties/cb273208c26f6ddaf749b9fb11b827b1_images.jpg","360X480Xmini":"http://assets.myntassets.com/h_480,q_95,w_360/v1/images/style/properties/cb273208c26f6ddaf749b9fb11b827b1_images_mini.jpg","180X240Xmini":"http://assets.myntassets.com/h_240,q_95,w_180/v1/images/style/properties/cb273208c26f6ddaf749b9fb11b827b1_images_mini.jpg","150X200Xmini":"http://assets.myntassets.com/h_200,q_95,w_150/v1/images/style/properties/cb273208c26f6ddaf749b9fb11b827b1_images_mini.jpg","48X64Xmini":"http://assets.myntassets.com/h_64,q_95,w_48/v1/images/style/properties/cb273208c26f6ddaf749b9fb11b827b1_images_mini.jpg","125X161":"http://assets.myntassets.com/h_161,q_95,w_125/v1/images/style/properties/cb273208c26f6ddaf749b9fb11b827b1_images.jpg","125X161Xmini":"http://assets.myntassets.com/h_161,q_95,w_125/v1/images/style/properties/cb273208c26f6ddaf749b9fb11b827b1_images_mini.jpg"},"imageType":"default"},"size_representation":"http://assets.myntassets.com/assets/images/sizechart/2016/12/14/11481690832699-Sweatshirts_women.png","search":{"imageURL":"http://assets.myntassets.com/v1/images/style/properties/cb273208c26f6ddaf749b9fb11b827b1_images.jpg","resolutions":{"1080X1440Xmini":"http://assets.myntassets.com/h_1440,q_95,w_1080/v1/images/style/properties/cb273208c26f6ddaf749b9fb11b827b1_images_mini.jpg","48X64":"http://assets.myntassets.com/h_64,q_95,w_48/v1/images/style/properties/cb273208c26f6ddaf749b9fb11b827b1_images.jpg","1080X1440":"http://assets.myntassets.com/h_1440,q_95,w_1080/v1/images/style/properties/cb273208c26f6ddaf749b9fb11b827b1_images.jpg","150X200":"http://assets.myntassets.com/h_200,q_95,w_150/v1/images/style/properties/cb273208c26f6ddaf749b9fb11b827b1_images.jpg","360X480":"http://assets.myntassets.com/h_480,q_95,w_360/v1/images/style/properties/cb273208c26f6ddaf749b9fb11b827b1_images.jpg","180X240":"http://assets.myntassets.com/h_240,q_95,w_180/v1/images/style/properties/cb273208c26f6ddaf749b9fb11b827b1_images.jpg","360X480Xmini":"http://assets.myntassets.com/h_480,q_95,w_360/v1/images/style/properties/cb273208c26f6ddaf749b9fb11b827b1_images_mini.jpg","180X240Xmini":"http://assets.myntassets.com/h_240,q_95,w_180/v1/images/style/properties/cb273208c26f6ddaf749b9fb11b827b1_images_mini.jpg","150X200Xmini":"http://assets.myntassets.com/h_200,q_95,w_150/v1/images/style/properties/cb273208c26f6ddaf749b9fb11b827b1_images_mini.jpg","48X64Xmini":"http://assets.myntassets.com/h_64,q_95,w_48/v1/images/style/properties/cb273208c26f6ddaf749b9fb11b827b1_images_mini.jpg","125X161":"http://assets.myntassets.com/h_161,q_95,w_125/v1/images/style/properties/cb273208c26f6ddaf749b9fb11b827b1_images.jpg","125X161Xmini":"http://assets.myntassets.com/h_161,q_95,w_125/v1/images/style/properties/cb273208c26f6ddaf749b9fb11b827b1_images_mini.jpg"},"imageType":"search"},"back":{"imageURL":"http://assets.myntassets.com/v1/images/style/properties/53a78b4737af9a9c477335060bcf2178_images.jpg","resolutions":{"1080X1440Xmini":"http://assets.myntassets.com/h_1440,q_95,w_1080/v1/images/style/properties/53a78b4737af9a9c477335060bcf2178_images_mini.jpg","48X64":"http://assets.myntassets.com/h_64,q_95,w_48/v1/images/style/properties/53a78b4737af9a9c477335060bcf2178_images.jpg","1080X1440":"http://assets.myntassets.com/h_1440,q_95,w_1080/v1/images/style/properties/53a78b4737af9a9c477335060bcf2178_images.jpg","150X200":"http://assets.myntassets.com/h_200,q_95,w_150/v1/images/style/properties/53a78b4737af9a9c477335060bcf2178_images.jpg","360X480":"http://assets.myntassets.com/h_480,q_95,w_360/v1/images/style/properties/53a78b4737af9a9c477335060bcf2178_images.jpg","180X240":"http://assets.myntassets.com/h_240,q_95,w_180/v1/images/style/properties/53a78b4737af9a9c477335060bcf2178_images.jpg","360X480Xmini":"http://assets.myntassets.com/h_480,q_95,w_360/v1/images/style/properties/53a78b4737af9a9c477335060bcf2178_images_mini.jpg","180X240Xmini":"http://assets.myntassets.com/h_240,q_95,w_180/v1/images/style/properties/53a78b4737af9a9c477335060bcf2178_images_mini.jpg","150X200Xmini":"http://assets.myntassets.com/h_200,q_95,w_150/v1/images/style/properties/53a78b4737af9a9c477335060bcf2178_images_mini.jpg","48X64Xmini":"http://assets.myntassets.com/h_64,q_95,w_48/v1/images/style/properties/53a78b4737af9a9c477335060bcf2178_images_mini.jpg","125X161":"http://assets.myntassets.com/h_161,q_95,w_125/v1/images/style/properties/53a78b4737af9a9c477335060bcf2178_images.jpg","125X161Xmini":"http://assets.myntassets.com/h_161,q_95,w_125/v1/images/style/properties/53a78b4737af9a9c477335060bcf2178_images_mini.jpg"},"imageType":"back"},"left":{"imageURL":"http://assets.myntassets.com/v1/images/style/properties/280fea17f27d5762ac47dfeb9f7ce8b5_images.jpg","resolutions":{"1080X1440Xmini":"http://assets.myntassets.com/h_1440,q_95,w_1080/v1/images/style/properties/280fea17f27d5762ac47dfeb9f7ce8b5_images_mini.jpg","48X64":"http://assets.myntassets.com/h_64,q_95,w_48/v1/images/style/properties/280fea17f27d5762ac47dfeb9f7ce8b5_images.jpg","1080X1440":"http://assets.myntassets.com/h_1440,q_95,w_1080/v1/images/style/properties/280fea17f27d5762ac47dfeb9f7ce8b5_images.jpg","150X200":"http://assets.myntassets.com/h_200,q_95,w_150/v1/images/style/properties/280fea17f27d5762ac47dfeb9f7ce8b5_images.jpg","360X480":"http://assets.myntassets.com/h_480,q_95,w_360/v1/images/style/properties/280fea17f27d5762ac47dfeb9f7ce8b5_images.jpg","180X240":"http://assets.myntassets.com/h_240,q_95,w_180/v1/images/style/properties/280fea17f27d5762ac47dfeb9f7ce8b5_images.jpg","360X480Xmini":"http://assets.myntassets.com/h_480,q_95,w_360/v1/images/style/properties/280fea17f27d5762ac47dfeb9f7ce8b5_images_mini.jpg","180X240Xmini":"http://assets.myntassets.com/h_240,q_95,w_180/v1/images/style/properties/280fea17f27d5762ac47dfeb9f7ce8b5_images_mini.jpg","150X200Xmini":"http://assets.myntassets.com/h_200,q_95,w_150/v1/images/style/properties/280fea17f27d5762ac47dfeb9f7ce8b5_images_mini.jpg","48X64Xmini":"http://assets.myntassets.com/h_64,q_95,w_48/v1/images/style/properties/280fea17f27d5762ac47dfeb9f7ce8b5_images_mini.jpg","125X161":"http://assets.myntassets.com/h_161,q_95,w_125/v1/images/style/properties/280fea17f27d5762ac47dfeb9f7ce8b5_images.jpg","125X161Xmini":"http://assets.myntassets.com/h_161,q_95,w_125/v1/images/style/properties/280fea17f27d5762ac47dfeb9f7ce8b5_images_mini.jpg"},"imageType":"left"},"front":{"imageURL":"http://assets.myntassets.com/v1/images/style/properties/4e2e808fd59ca06726194d6932bf3b80_images.jpg","resolutions":{"1080X1440Xmini":"http://assets.myntassets.com/h_1440,q_95,w_1080/v1/images/style/properties/4e2e808fd59ca06726194d6932bf3b80_images_mini.jpg","48X64":"http://assets.myntassets.com/h_64,q_95,w_48/v1/images/style/properties/4e2e808fd59ca06726194d6932bf3b80_images.jpg","1080X1440":"http://assets.myntassets.com/h_1440,q_95,w_1080/v1/images/style/properties/4e2e808fd59ca06726194d6932bf3b80_images.jpg","150X200":"http://assets.myntassets.com/h_200,q_95,w_150/v1/images/style/properties/4e2e808fd59ca06726194d6932bf3b80_images.jpg","360X480":"http://assets.myntassets.com/h_480,q_95,w_360/v1/images/style/properties/4e2e808fd59ca06726194d6932bf3b80_images.jpg","180X240":"http://assets.myntassets.com/h_240,q_95,w_180/v1/images/style/properties/4e2e808fd59ca06726194d6932bf3b80_images.jpg","360X480Xmini":"http://assets.myntassets.com/h_480,q_95,w_360/v1/images/style/properties/4e2e808fd59ca06726194d6932bf3b80_images_mini.jpg","180X240Xmini":"http://assets.myntassets.com/h_240,q_95,w_180/v1/images/style/properties/4e2e808fd59ca06726194d6932bf3b80_images_mini.jpg","150X200Xmini":"http://assets.myntassets.com/h_200,q_95,w_150/v1/images/style/properties/4e2e808fd59ca06726194d6932bf3b80_images_mini.jpg","48X64Xmini":"http://assets.myntassets.com/h_64,q_95,w_48/v1/images/style/properties/4e2e808fd59ca06726194d6932bf3b80_images_mini.jpg","125X161":"http://assets.myntassets.com/h_161,q_95,w_125/v1/images/style/properties/4e2e808fd59ca06726194d6932bf3b80_images.jpg","125X161Xmini":"http://assets.myntassets.com/h_161,q_95,w_125/v1/images/style/properties/4e2e808fd59ca06726194d6932bf3b80_images_mini.jpg"},"imageType":"front"},"right":{"imageURL":"http://assets.myntassets.com/v1/images/style/properties/e1cb753c2bf2ca05bd1a4fb8d0aee6b5_images.jpg","resolutions":{"1080X1440Xmini":"http://assets.myntassets.com/h_1440,q_95,w_1080/v1/images/style/properties/e1cb753c2bf2ca05bd1a4fb8d0aee6b5_images_mini.jpg","48X64":"http://assets.myntassets.com/h_64,q_95,w_48/v1/images/style/properties/e1cb753c2bf2ca05bd1a4fb8d0aee6b5_images.jpg","1080X1440":"http://assets.myntassets.com/h_1440,q_95,w_1080/v1/images/style/properties/e1cb753c2bf2ca05bd1a4fb8d0aee6b5_images.jpg","150X200":"http://assets.myntassets.com/h_200,q_95,w_150/v1/images/style/properties/e1cb753c2bf2ca05bd1a4fb8d0aee6b5_images.jpg","360X480":"http://assets.myntassets.com/h_480,q_95,w_360/v1/images/style/properties/e1cb753c2bf2ca05bd1a4fb8d0aee6b5_images.jpg","180X240":"http://assets.myntassets.com/h_240,q_95,w_180/v1/images/style/properties/e1cb753c2bf2ca05bd1a4fb8d0aee6b5_images.jpg","360X480Xmini":"http://assets.myntassets.com/h_480,q_95,w_360/v1/images/style/properties/e1cb753c2bf2ca05bd1a4fb8d0aee6b5_images_mini.jpg","180X240Xmini":"http://assets.myntassets.com/h_240,q_95,w_180/v1/images/style/properties/e1cb753c2bf2ca05bd1a4fb8d0aee6b5_images_mini.jpg","150X200Xmini":"http://assets.myntassets.com/h_200,q_95,w_150/v1/images/style/properties/e1cb753c2bf2ca05bd1a4fb8d0aee6b5_images_mini.jpg","48X64Xmini":"http://assets.myntassets.com/h_64,q_95,w_48/v1/images/style/properties/e1cb753c2bf2ca05bd1a4fb8d0aee6b5_images_mini.jpg","125X161":"http://assets.myntassets.com/h_161,q_95,w_125/v1/images/style/properties/e1cb753c2bf2ca05bd1a4fb8d0aee6b5_images.jpg","125X161Xmini":"http://assets.myntassets.com/h_161,q_95,w_125/v1/images/style/properties/e1cb753c2bf2ca05bd1a4fb8d0aee6b5_images_mini.jpg"},"imageType":"right"}},"lookGoodAlbum":{},"style360Images":{},"masterCategory":{"id":9,"typeName":"Apparel","active":true,"socialSharingEnabled":true,"isReturnable":true,"isExchangeable":true,"pickupEnabled":true,"isTryAndBuyEnabled":true},"subCategory":{"id":31,"typeName":"Topwear","active":true,"socialSharingEnabled":true,"isReturnable":true,"isExchangeable":true,"pickupEnabled":true,"isTryAndBuyEnabled":true},"articleType":{"id":87,"typeName":"Sweatshirts","active":true,"socialSharingEnabled":true,"isReturnable":true,"isExchangeable":true,"pickupEnabled":true,"isTryAndBuyEnabled":true,"isMyntsEnabled":true,"serviceabilityDisclaimer":{"title":"","desc":""}},"isEMIEnabled":true,"otherFlags":[{"dataType":"BOOLEAN","name":"isFragile","value":"false"},{"dataType":"BOOLEAN","name":"isTryAndBuyEnabled","value":"true"},{"dataType":"BOOLEAN","name":"isHazmat","value":"false"},{"dataType":"BOOLEAN","name":"isJewellery","value":"false"},{"dataType":"BOOLEAN","name":"isReturnable","value":"true"},{"dataType":"BOOLEAN","name":"isExchangeable","value":"true"},{"dataType":"BOOLEAN","name":"active","value":"true"},{"dataType":"BOOLEAN","name":"socialSharingEnabled","value":"true"},{"dataType":"BOOLEAN","name":"pickupEnabled","value":"true"},{"dataType":"BOOLEAN","name":"isLarge","value":"false"},{"dataType":"BOOLEAN","name":"codEnabled","value":"true"}],"articleDisplayAttr":{"id":87,"core":{"order":"0","display":"2","pdtDetail":"1","pdtDeliveryOptions":"2","pdtSimilar":"2","pdtLike":"2"},"social":{"order":"1","display":"2","userLikes":"1","styleNotes":"2","crossSell":"1"},"explore":{"display":"2","crosslink":"1","similar":"1","order":"2"}},"productDescriptors":{"description":{"descriptorType":"description","value":"<p><strong>Composition</strong><br /> Navy blue hooded sweatshirt made of 80% cotton and 20% polyester, has a lined hood with drawcord, has a rib cuffs and hem for durability and snug Fit, and a kangaroo pocket with interior cord-management feature</p>\n<p><span style=\"font-style: normal; font-weight: bold;\">Fitting<br /> </span><span style=\"font-style: normal; font-weight: normal;\">Slim<br /> <br /> </span><span style=\"font-style: normal; font-weight: bold;\">Wash care<br /> </span><span style=\"font-style: normal; font-weight: normal;\">Machine wash cold at 30 degrees with like colours<br /> Do not bleach<br /> Tumble dry low<br /> Remove immediately/do not allow to lay on itself when wet<br /> Cool iron, but do not iron on design<br /> Do not dry clean<br /> <br /> With classic cursive print, this nike \"Moto\" Script Hoodie honours speed-obsessed motocross athletes in a warm, media-friendly design. The ribbed hem and cuffs offer a snug fit, while the interior cord management feature keeps media player cords away from your sporting experience.</span></p>"}},"styleOptions":[{"id":39107,"name":"Size","value":"S","unifiedSize":"S","unifiedSizeValue":"S","unifiedSizeScale":"","allSize":"S","skuId":47579,"skuAvailabilityDetailMap":{},"warehouseIdToItemCountMap":{},"inventoryCount":0,"available":false,"active":true},{"id":39108,"name":"Size","value":"M","unifiedSize":"M","unifiedSizeValue":"M","unifiedSizeScale":"","allSize":"M","skuId":47580,"skuAvailabilityDetailMap":{},"warehouseIdToItemCountMap":{},"inventoryCount":0,"available":false,"active":true},{"id":39109,"name":"Size","value":"L","unifiedSize":"L","unifiedSizeValue":"L","unifiedSizeScale":"","allSize":"L","skuId":47581,"skuAvailabilityDetailMap":{},"warehouseIdToItemCountMap":{},"inventoryCount":0,"available":false,"active":true},{"id":39110,"name":"Size","value":"XL","unifiedSize":"XL","unifiedSizeValue":"XL","unifiedSizeScale":"","allSize":"XL","skuId":47582,"skuAvailabilityDetailMap":{},"warehouseIdToItemCountMap":{},"inventoryCount":0,"available":false,"active":true}]}}